{
  "start_timestamp": "2013-11-07 08:00:00",
  "duration_simulation": 30,
  "interTriggerTimer": {
    "type": "histogram_sampling",
    "parameters": {
      "histogram_data": [
        0.3836805555555556,
        0.5694444444444444,
        0.7152777777777778,
        0.8125,
        0.8854166666666666,
        0.9322916666666666,
        0.9496527777777778,
        0.9670138888888888,
        0.9791666666666666,
        0.9895833333333334,
        0.9930555555555556,
        0.9930555555555556,
        0.9947916666666666,
        0.9965277777777778,
        0.9965277777777778,
        0.9965277777777778,
        0.9965277777777778,
        0.9965277777777778,
        0.9982638888888888,
        1.0
      ],
      "bin_midpoints": [
        15761.3,
        46305.899999999994,
        76850.5,
        107395.09999999999,
        137939.7,
        168484.3,
        199028.89999999997,
        229573.5,
        260118.09999999998,
        290662.69999999995,
        321207.3,
        351751.89999999997,
        382296.5,
        412841.1,
        443385.69999999995,
        473930.3,
        504474.89999999997,
        535019.5,
        565564.1,
        596108.7
      ]
    },
    "calendar": {
      "days": [
        0,
        1,
        2,
        3,
        4,
        5,
        6
      ],
      "hour_min": 8,
      "hour_max": 18
    }
  },
  "resource": {
    "Role 1": {
      "resources": [
        "I",
        "G",
        "F",
        "M",
        "R",
        "V",
        "U",
        "O",
        "H",
        "S",
        "Q",
        "N",
        "T",
        "X",
        "K",
        "J",
        "D",
        "P",
        "W"
      ],
      "calendar": {
        "days": [
          0,
          1,
          2,
          3,
          4,
          5,
          6
        ],
        "hour_min": 8,
        "hour_max": 15
      }
    },
    "Role 2": {
      "resources": [
        "A",
        "L"
      ],
      "calendar": {
        "days": [
          0,
          1,
          2,
          3,
          4,
          5,
          6
        ],
        "hour_min": 8,
        "hour_max": 15
      }
    },
    "Role 4": {
      "resources": [
        "C"
      ],
      "calendar": {
        "days": [
          0,
          1,
          2,
          3,
          4,
          5,
          6
        ],
        "hour_min": 8,
        "hour_max": 15
      }
    },
    "Role 5": {
      "resources": [
        "B",
        "B",
        "B"
      ],
      "calendar": {
        "days": [
          0,
          1,
          2,
          3,
          4,
          5,
          6
        ],
        "hour_min": 8,
        "hour_max": 15
      }
    },
    "Role 6": {
      "resources": [
        "E"
      ],
      "calendar": {
        "days": [
          0,
          1,
          2,
          3,
          4,
          5,
          6
        ],
        "hour_min": 8,
        "hour_max": 16
      }
    },
    "Role 7": {
      "resources": [
        "?"
      ],
      "calendar": {
        "days": [
          0,
          1,
          2,
          3,
          4,
          5,
          6
        ],
        "hour_min": 8,
        "hour_max": 15
      }
    }
  },
  "activity_to_role": {
    "Admission NC": "Role 1",
    "Admission IC": "Role 1",
    "ER Registration": "Role 2",
    "ER Sepsis Triage": "Role 2",
    "IV Liquid": "Role 2",
    "IV Antibiotics": "Role 2",
    "ER Triage": "Role 4",
    "LacticAcid": "Role 5",
    "Leucocytes": "Role 5",
    "CRP": "Role 5",
    "Release A": "Role 6",
    "Release B": "Role 6",
    "Release C": "Role 6",
    "Release E": "Role 6",
    "Release D": "Role 6",
    "Return ER": "Role 7"
  },
  "resource_to_role": {
    "I": "Role 1",
    "G": "Role 1",
    "F": "Role 1",
    "M": "Role 1",
    "R": "Role 1",
    "V": "Role 1",
    "U": "Role 1",
    "O": "Role 1",
    "H": "Role 1",
    "S": "Role 1",
    "Q": "Role 1",
    "N": "Role 1",
    "T": "Role 1",
    "X": "Role 1",
    "K": "Role 1",
    "J": "Role 1",
    "D": "Role 1",
    "A": "Role 2",
    "L": "Role 2",
    "P": "Role 1",
    "W": "Role 1",
    "C": "Role 4",
    "B": "Role 5",
    "E": "Role 6",
    "?": "Role 7",
    "TRIGGER_TIMER": "TRIGGER_TIMER"
  },
  "processing_time": {
    "Admission IC": {
      "name": "lognorm",
      "parameters": {
      "mean": 18068.87475075,
      "std": 545693302.9348266,
      "min": 0.0,
      "max": 72000.00000300002}
    },
    "Admission NC": {
      "name": "lognorm",
      "parameters": {
      "mean": 10861.215387687424,
      "std": 506675337.08890116,
      "min": 0.0,
      "max": 256825.99900900008}
    },
    "ER Registration": {
      "name": "lognorm",
      "parameters": {
      "mean": 22358.211342168113,
      "std": 4988910231.317858,
      "min": 0.0,
      "max": 1022923.9950340004}
    },
    "ER Sepsis Triage": {
      "name": "lognorm",
      "parameters": {
      "mean": 291.39930382812497,
      "std": 3952146.7982762805,
      "min": 0.0,
      "max": 35645.0}
    },
    "IV Antibiotics": {
      "name": "lognorm",
      "parameters": {
      "mean": 834.4015689350393,
      "std": 4189617.3785568257,
      "min": 0.0,
      "max": 17421.0}
    },
    "IV Liquid": {
      "name": "lognorm",
      "parameters": {
      "mean": 1676.468538010846,
      "std": 27138062.74678937,
      "min": 0.0,
      "max": 67951.00000100001}
    },
    "ER Triage": {
      "name": "lognorm",
      "parameters": {
      "mean": 385.8318890901213,
      "std": 377458.8573849369,
      "min": 0.0,
      "max": 7200.000001}
    },
    "CRP": {
      "name": "lognorm",
      "parameters": {
      "mean": 5914.183494574639,
      "std": 74776669.63467333,
      "min": 0.0,
      "max": 68399.999002}
    },
    "LacticAcid": {
      "name": "exponential",
      "parameters": {
      "scale": 6189.146137097448,
      "min": 0.0,
      "max": 54809.999002}
    },
    "Leucocytes": {
      "name": "lognorm",
      "parameters": {
      "mean": 5981.011941874481,
      "std": 72039967.33719732,
      "min": 0.0,
      "max": 61200.000002}
    },
    "Release A": {
      "name": "exponential",
      "parameters": {
      "scale": 13294.97871509514,
      "min": 0.0,
      "max": 112555.99900399998}
    },
    "Release B": {
      "name": "exponential",
      "parameters": {
      "scale": 8771.75858662069,
      "min": 0.0,
      "max": 37702.000002}
    },
    "Release C": {
      "name": "uniform",
      "parameters": {
      "low": 0.0,
      "high": 40474.999002}
    },
    "Release D": {
      "name": "exponential",
      "parameters": {
      "scale": 19432.428429285712,
      "min": 1500.0,
      "max": 35999.999001000004}
    },
    "Release E": {
      "name": "lognorm",
      "parameters": {
      "mean": 10200.000000666667,
      "std": 143280000.0068,
      "min": 0.0,
      "max": 27000.000001}
    },
    "Return ER": {
      "name": "exponential",
      "parameters": {
      "scale": 56861.3740787641,
      "min": 0.0,
      "max": 633599.9970199999}
    }
  },
  "PREFIX_LEN": 20,
  "TRACE_ATTRIBUTES": [
    "InfectionSuspected",
    "DiagnosticBlood",
    "DisfuncOrg",
    "SIRSCritTachypnea",
    "Hypotensie",
    "SIRSCritHeartRate",
    "Infusion",
    "DiagnosticArtAstrup",
    "DiagnosticIC",
    "DiagnosticSputum",
    "DiagnosticLiquor",
    "DiagnosticOther",
    "SIRSCriteria2OrMore",
    "DiagnosticXthorax",
    "SIRSCritTemperature",
    "DiagnosticUrinaryCulture",
    "SIRSCritLeucos",
    "Oligurie",
    "DiagnosticLacticAcid",
    "Diagnose",
    "Hypoxie",
    "DiagnosticUrinarySediment",
    "DiagnosticECG"
  ],
  "ATTRIB_TO_ENCODE": [
    "Diagnone",
    "Leucocytes",
    "CRP",
    "LacticAcid"
  ],
  "EVENT_ATTRIBUTES": [
    "Leucocytes",
    "CRP",
    "LacticAcid"
  ],
  "RESOURCE_EMPTY": "?"
}