{
  "start_timestamp": "2013-11-07 08:00:00",
  "duration_simulation": 30,
  "interTriggerTimer": {
    "type": "histogram_sampling",
    "parameters": {
      "histogram_data": [
        0.3713768115942029,
        0.5507246376811594,
        0.7083333333333334,
        0.8007246376811594,
        0.8731884057971014,
        0.9221014492753623,
        0.9438405797101449,
        0.9637681159420289,
        0.9746376811594203,
        0.9836956521739131,
        0.9891304347826086,
        0.9927536231884058,
        0.9945652173913043,
        0.9963768115942029,
        0.9963768115942029,
        0.9963768115942029,
        0.9963768115942029,
        0.9963768115942029,
        0.9981884057971014,
        1.0
      ],
      "bin_midpoints": [
        15761.3,
        46305.899999999994,
        76850.5,
        107395.09999999999,
        137939.7,
        168484.3,
        199028.89999999997,
        229573.5,
        260118.09999999998,
        290662.69999999995,
        321207.3,
        351751.89999999997,
        382296.5,
        412841.1,
        443385.69999999995,
        473930.3,
        504474.89999999997,
        535019.5,
        565564.1,
        596108.7
      ]
    },
    "calendar": {
      "days": [
        0,
        1,
        2,
        3,
        4,
        5,
        6
      ],
      "hour_min": 8,
      "hour_max": 18
    }
  },
  "resource": {
    "Role 1": {
      "resources": [
        "I",
        "G",
        "F",
        "M",
        "R",
        "V",
        "U",
        "O",
        "H",
        "S",
        "Q",
        "N",
        "T",
        "X",
        "K",
        "J",
        "D",
        "P",
        "W"
      ],
      "calendar": {
        "days": [
          0,
          1,
          2,
          3,
          4,
          5,
          6
        ],
        "hour_min": 8,
        "hour_max": 16
      }
    },
    "Role 2": {
      "resources": [
        "A",
        "L"
      ],
      "calendar": {
        "days": [
          0,
          1,
          2,
          3,
          4,
          5,
          6
        ],
        "hour_min": 8,
        "hour_max": 16
      }
    },
    "Role 4": {
      "resources": [
        "C"
      ],
      "calendar": {
        "days": [
          0,
          1,
          2,
          3,
          4,
          5,
          6
        ],
        "hour_min": 8,
        "hour_max": 16
      }
    },
    "Role 5": {
      "resources": [
        "B",
        "B",
        "B"
      ],
      "calendar": {
        "days": [
          0,
          1,
          2,
          3,
          4,
          5,
          6
        ],
        "hour_min": 8,
        "hour_max": 16
      }
    },
    "Role 6": {
      "resources": [
        "E"
      ],
      "calendar": {
        "days": [
          0,
          1,
          2,
          3,
          4,
          5,
          6
        ],
        "hour_min": 8,
        "hour_max": 15
      }
    },
    "Role 7": {
      "resources": [
        "?"
      ],
      "calendar": {
        "days": [
          0,
          1,
          2,
          3,
          4,
          5,
          6
        ],
        "hour_min": 8,
        "hour_max": 16
      }
    }
  },
  "activity_to_role": {
    "Admission NC": "Role 1",
    "Admission IC": "Role 1",
    "ER Registration": "Role 2",
    "ER Sepsis Triage": "Role 2",
    "IV Liquid": "Role 2",
    "IV Antibiotics": "Role 2",
    "ER Triage": "Role 4",
    "LacticAcid": "Role 5",
    "Leucocytes": "Role 5",
    "CRP": "Role 5",
    "Release A": "Role 6",
    "Release B": "Role 6",
    "Release C": "Role 6",
    "Release E": "Role 6",
    "Release D": "Role 6",
    "Return ER": "Role 7"
  },
  "resource_to_role": {
    "I": "Role 1",
    "G": "Role 1",
    "F": "Role 1",
    "M": "Role 1",
    "R": "Role 1",
    "V": "Role 1",
    "U": "Role 1",
    "O": "Role 1",
    "H": "Role 1",
    "S": "Role 1",
    "Q": "Role 1",
    "N": "Role 1",
    "T": "Role 1",
    "X": "Role 1",
    "K": "Role 1",
    "J": "Role 1",
    "D": "Role 1",
    "A": "Role 2",
    "L": "Role 2",
    "P": "Role 1",
    "W": "Role 1",
    "C": "Role 4",
    "B": "Role 5",
    "E": "Role 6",
    "?": "Role 7",
    "TRIGGER_TIMER": "TRIGGER_TIMER"
  },
  "processing_time": {
    "Admission IC": {
      "name": "exponential",
      "parameters": {
      "scale": 19841.12475075,
      "min": 107.0,
      "max": 75600.00000300002}
    },
    "Admission NC": {
      "name": "lognorm",
      "parameters": {
      "mean": 11742.773552790428,
      "std": 579415057.2490551,
      "min": 0.0,
      "max": 273599.9990090001}
    },
    "ER Registration": {
      "name": "lognorm",
      "parameters": {
      "mean": 23826.142758452082,
      "std": 5572514244.485537,
      "min": 0.0,
      "max": 1057673.9950340004}
    },
    "ER Sepsis Triage": {
      "name": "lognorm",
      "parameters": {
      "mean": 304.47644747282607,
      "std": 4121035.535085651,
      "min": 0.0,
      "max": 35645.0}
    },
    "IV Antibiotics": {
      "name": "lognorm",
      "parameters": {
      "mean": 893.9363388439425,
      "std": 4475126.188059945,
      "min": 0.0,
      "max": 17421.0}
    },
    "IV Liquid": {
      "name": "lognorm",
      "parameters": {
      "mean": 1883.4897868979592,
      "std": 28898045.826267138,
      "min": 0.0,
      "max": 64351.00000100001}
    },
    "ER Triage": {
      "name": "exponential",
      "parameters": {
      "scale": 383.4068716184448,
      "min": 0.0,
      "max": 7200.000001}
    },
    "CRP": {
      "name": "lognorm",
      "parameters": {
      "mean": 6071.545275904391,
      "std": 76669732.0502857,
      "min": 0.0,
      "max": 71999.999002}
    },
    "LacticAcid": {
      "name": "exponential",
      "parameters": {
      "scale": 6314.951944989196,
      "min": 0.0,
      "max": 64604.99900099999}
    },
    "Leucocytes": {
      "name": "lognorm",
      "parameters": {
      "mean": 6212.2392703735795,
      "std": 73322356.77521972,
      "min": 0.0,
      "max": 64557.000002}
    },
    "Release A": {
      "name": "exponential",
      "parameters": {
      "scale": 13647.696836778763,
      "min": 0.0,
      "max": 119756.00000400003}
    },
    "Release B": {
      "name": "lognorm",
      "parameters": {
      "mean": 9344.642857535715,
      "std": 89840916.73849285,
      "min": 0.0,
      "max": 37702.000002}
    },
    "Release C": {
      "name": "lognorm",
      "parameters": {
      "mean": 20965.749751000003,
      "std": 243737557.65481865,
      "min": 188.0,
      "max": 44074.999002}
    },
    "Release D": {
      "name": "norm",
      "parameters": {
      "mean": 23679.599800800002,
      "std": 12244.351992682667,
      "min": 1500.0,
      "max": 35999.999001000004}
    },
    "Release E": {
      "name": "norm",
      "parameters": {
      "mean": 10519.333334,
      "std": 11703.398974739339,
      "min": 958.0,
      "max": 27000.000001}
    },
    "Return ER": {
      "name": "exponential",
      "parameters": {
      "scale": 59091.644883586036,
      "min": 0.0,
      "max": 655199.9970199999}
    }
  },
  "PREFIX_LEN": 20,
  "TRACE_ATTRIBUTES": [
    "InfectionSuspected",
    "DiagnosticBlood",
    "DisfuncOrg",
    "SIRSCritTachypnea",
    "Hypotensie",
    "SIRSCritHeartRate",
    "Infusion",
    "DiagnosticArtAstrup",
    "DiagnosticIC",
    "DiagnosticSputum",
    "DiagnosticLiquor",
    "DiagnosticOther",
    "SIRSCriteria2OrMore",
    "DiagnosticXthorax",
    "SIRSCritTemperature",
    "DiagnosticUrinaryCulture",
    "SIRSCritLeucos",
    "Oligurie",
    "DiagnosticLacticAcid",
    "Diagnose",
    "Hypoxie",
    "DiagnosticUrinarySediment",
    "DiagnosticECG"
  ],
  "ATTRIB_TO_ENCODE": [
    "Diagnone",
    "Leucocytes",
    "CRP",
    "LacticAcid"
  ],
  "EVENT_ATTRIBUTES": [
    "Leucocytes",
    "CRP",
    "LacticAcid"
  ],
  "RESOURCE_EMPTY": "?"
}