{
  "start_timestamp": "2013-11-07 08:00:00",
  "duration_simulation": 30,
  "interTriggerTimer": {
    "type": "histogram_sampling",
    "parameters": {
      "histogram_data": [
        0.391156462585034,
        0.576530612244898,
        0.7210884353741497,
        0.8197278911564626,
        0.8945578231292517,
        0.935374149659864,
        0.9506802721088435,
        0.967687074829932,
        0.9795918367346939,
        0.9897959183673469,
        0.9931972789115646,
        0.9931972789115646,
        0.9948979591836735,
        0.9965986394557823,
        0.9965986394557823,
        0.9965986394557823,
        0.9965986394557823,
        0.9965986394557823,
        0.9982993197278912,
        1.0
      ],
      "bin_midpoints": [
        15761.3,
        46305.899999999994,
        76850.5,
        107395.09999999999,
        137939.7,
        168484.3,
        199028.89999999997,
        229573.5,
        260118.09999999998,
        290662.69999999995,
        321207.3,
        351751.89999999997,
        382296.5,
        412841.1,
        443385.69999999995,
        473930.3,
        504474.89999999997,
        535019.5,
        565564.1,
        596108.7
      ]
    },
    "calendar": {
      "days": [
        0,
        1,
        2,
        3,
        4,
        5,
        6
      ],
      "hour_min": 8,
      "hour_max": 18
    }
  },
  "resource": {
    "Role 1": {
      "resources": [
        "I",
        "G",
        "F",
        "M",
        "R",
        "V",
        "U",
        "O",
        "H",
        "S",
        "Q",
        "N",
        "T",
        "X",
        "K",
        "J",
        "D",
        "P",
        "W"
      ],
      "calendar": {
        "days": [
          0,
          1,
          2,
          3,
          4,
          5,
          6
        ],
        "hour_min": 8,
        "hour_max": 15
      }
    },
    "Role 2": {
      "resources": [
        "A",
        "L"
      ],
      "calendar": {
        "days": [
          0,
          1,
          2,
          3,
          4,
          5,
          6
        ],
        "hour_min": 8,
        "hour_max": 16
      }
    },
    "Role 4": {
      "resources": [
        "C"
      ],
      "calendar": {
        "days": [
          0,
          1,
          2,
          3,
          4,
          5,
          6
        ],
        "hour_min": 8,
        "hour_max": 16
      }
    },
    "Role 5": {
      "resources": [
        "B",
        "B",
        "B"
      ],
      "calendar": {
        "days": [
          0,
          1,
          2,
          3,
          4,
          5,
          6
        ],
        "hour_min": 8,
        "hour_max": 16
      }
    },
    "Role 6": {
      "resources": [
        "E"
      ],
      "calendar": {
        "days": [
          0,
          1,
          2,
          3,
          4,
          5,
          6
        ],
        "hour_min": 8,
        "hour_max": 14
      }
    },
    "Role 7": {
      "resources": [
        "?"
      ],
      "calendar": {
        "days": [
          0,
          1,
          2,
          3,
          4,
          5,
          6
        ],
        "hour_min": 8,
        "hour_max": 16
      }
    }
  },
  "activity_to_role": {
    "Admission NC": "Role 1",
    "Admission IC": "Role 1",
    "ER Registration": "Role 2",
    "ER Sepsis Triage": "Role 2",
    "IV Liquid": "Role 2",
    "IV Antibiotics": "Role 2",
    "ER Triage": "Role 4",
    "LacticAcid": "Role 5",
    "Leucocytes": "Role 5",
    "CRP": "Role 5",
    "Release A": "Role 6",
    "Release B": "Role 6",
    "Release C": "Role 6",
    "Release E": "Role 6",
    "Release D": "Role 6",
    "Return ER": "Role 7"
  },
  "resource_to_role": {
    "I": "Role 1",
    "G": "Role 1",
    "F": "Role 1",
    "M": "Role 1",
    "R": "Role 1",
    "V": "Role 1",
    "U": "Role 1",
    "O": "Role 1",
    "H": "Role 1",
    "S": "Role 1",
    "Q": "Role 1",
    "N": "Role 1",
    "T": "Role 1",
    "X": "Role 1",
    "K": "Role 1",
    "J": "Role 1",
    "D": "Role 1",
    "A": "Role 2",
    "L": "Role 2",
    "P": "Role 1",
    "W": "Role 1",
    "C": "Role 4",
    "B": "Role 5",
    "E": "Role 6",
    "?": "Role 7",
    "TRIGGER_TIMER": "TRIGGER_TIMER"
  },
  "processing_time": {
    "Admission IC": {
      "name": "exponential",
      "parameters": {
      "scale": 19391.12475075,
      "min": 107.0,
      "max": 68400.00000300002}
    },
    "Admission NC": {
      "name": "lognorm",
      "parameters": {
      "mean": 10206.587033282583,
      "std": 467766857.4717313,
      "min": 0.0,
      "max": 233999.99900900014}
    },
    "ER Registration": {
      "name": "lognorm",
      "parameters": {
      "mean": 21168.70958308659,
      "std": 4427321295.871604,
      "min": 0.0,
      "max": 976123.9950340006}
    },
    "ER Sepsis Triage": {
      "name": "lognorm",
      "parameters": {
      "mean": 269.2125833418367,
      "std": 3502837.7619560114,
      "min": 0.0,
      "max": 35645.0}
    },
    "IV Antibiotics": {
      "name": "lognorm",
      "parameters": {
      "mean": 800.3564489768786,
      "std": 3816534.2063218243,
      "min": 0.0,
      "max": 17421.0}
    },
    "IV Liquid": {
      "name": "lognorm",
      "parameters": {
      "mean": 1605.471329135881,
      "std": 23954804.170403223,
      "min": 0.0,
      "max": 60751.00000100001}
    },
    "ER Triage": {
      "name": "lognorm",
      "parameters": {
      "mean": 367.83531410016974,
      "std": 350310.24285825895,
      "min": 0.0,
      "max": 7200.000001}
    },
    "CRP": {
      "name": "lognorm",
      "parameters": {
      "mean": 5624.739900244898,
      "std": 66130435.596691296,
      "min": 0.0,
      "max": 64799.999002}
    },
    "LacticAcid": {
      "name": "lognorm",
      "parameters": {
      "mean": 5888.143965923428,
      "std": 54940114.60001296,
      "min": 0.0,
      "max": 54809.999002}
    },
    "Leucocytes": {
      "name": "exponential",
      "parameters": {
      "scale": 5660.436855598876,
      "min": 0.0,
      "max": 54000.000002000015}
    },
    "Release A": {
      "name": "exponential",
      "parameters": {
      "scale": 12699.720354540375,
      "min": 0.0,
      "max": 112555.99900399998}
    },
    "Release B": {
      "name": "lognorm",
      "parameters": {
      "mean": 8299.967710064517,
      "std": 84943386.62630188,
      "min": 0.0,
      "max": 37702.000002}
    },
    "Release C": {
      "name": "uniform",
      "parameters": {
      "low": 0.0,
      "high": 36874.999002}
    },
    "Release D": {
      "name": "uniform",
      "parameters": {
      "low": 1500.0,
      "high": 35999.999001000004}
    },
    "Release E": {
      "name": "norm",
      "parameters": {
      "mean": 9000.000000666667,
      "std": 10287.856919980954,
      "min": 0.0,
      "max": 23400.000001}
    },
    "Return ER": {
      "name": "exponential",
      "parameters": {
      "scale": 53761.652986763824,
      "min": 0.0,
      "max": 601199.9970199999}
    }
  },
  "PREFIX_LEN": 20,
  "TRACE_ATTRIBUTES": [
    "InfectionSuspected",
    "DiagnosticBlood",
    "DisfuncOrg",
    "SIRSCritTachypnea",
    "Hypotensie",
    "SIRSCritHeartRate",
    "Infusion",
    "DiagnosticArtAstrup",
    "DiagnosticIC",
    "DiagnosticSputum",
    "DiagnosticLiquor",
    "DiagnosticOther",
    "SIRSCriteria2OrMore",
    "DiagnosticXthorax",
    "SIRSCritTemperature",
    "DiagnosticUrinaryCulture",
    "SIRSCritLeucos",
    "Oligurie",
    "DiagnosticLacticAcid",
    "Diagnose",
    "Hypoxie",
    "DiagnosticUrinarySediment",
    "DiagnosticECG"
  ],
  "ATTRIB_TO_ENCODE": [
    "Diagnone",
    "Leucocytes",
    "CRP",
    "LacticAcid"
  ],
  "EVENT_ATTRIBUTES": [
    "Leucocytes",
    "CRP",
    "LacticAcid"
  ],
  "RESOURCE_EMPTY": "?"
}