{
  "start_timestamp": "2011-10-01 00:00:00",
  "duration_simulation": 30,
  "interTriggerTimer": {
    "type": "distribution",
    "name": "exponential",
    "parameters": {
      "histogram_data": [
        0.4338600451467269,
        0.6681715575620768,
        0.7869074492099323,
        0.8564334085778781,
        0.8957110609480813,
        0.9200902934537246,
        0.9313769751693002,
        0.9413092550790068,
        0.9480812641083521,
        0.9548532731376975,
        0.9571106094808126,
        0.9598194130925508,
        0.962979683972912,
        0.9670428893905192,
        0.9729119638826185,
        0.9774266365688488,
        0.981941309255079,
        0.9869074492099322,
        0.9950338600451467,
        1.0
      ],
      "bin_midpoints": [
        993.7,
        2975.1000000000004,
        4956.5,
        6937.900000000001,
        8919.3,
        10900.7,
        12882.100000000002,
        14863.5,
        16844.9,
        18826.300000000003,
        20807.7,
        22789.100000000002,
        24770.5,
        26751.9,
        28733.300000000003,
        30714.7,
        32696.100000000002,
        34677.5,
        36658.9,
        38640.3
      ]
    },
    "calendar": {
      "days": [
        0,
        1,
        2,
        3,
        4,
        5,
        6
      ],
      "hour_min": 0,
      "hour_max": 17
    }
  },
  "resource": {
    "Role 1": {
      "resources": [
        "NOT_SET",
        "10912.0",
        "10862.0",
        "11019.0",
        "11000.0",
        "11203.0",
        "11111.0",
        "11120.0",
        "11180.0",
        "11202.0",
        "11201.0",
        "10889.0",
        "10913.0",
        "10863.0",
        "11119.0",
        "10971.0",
        "10880.0",
        "10982.0",
        "11200.0",
        "11001.0",
        "11179.0",
        "10859.0",
        "11122.0",
        "11169.0",
        "11121.0",
        "10909.0",
        "11189.0",
        "11009.0",
        "10881.0",
        "11181.0",
        "10939.0",
        "11002.0",
        "10861.0",
        "10933.0",
        "10914.0",
        "10931.0",
        "10910.0",
        "10932.0",
        "10929.0",
        "11269.0",
        "11003.0",
        "10935.0",
        "11319.0",
        "11309.0",
        "11300.0",
        "11299.0",
        "11302.0"
      ],
      "calendar": {
        "days": [
          0,
          1,
          2,
          3,
          4,
          5,
          6
        ],
        "hour_min": 0,
        "hour_max": 21
      }
    },
    "Role 2": {
      "resources": [
        "10609.0",
        "11339.0",
        "10972.0",
        "10138.0",
        "10809.0",
        "10779.0",
        "10629.0",
        "10125.0",
        "10821.0",
        "11289.0"
      ],
      "calendar": {
        "days": [
          0,
          1,
          2,
          3,
          4,
          5,
          6
        ],
        "hour_min": 0,
        "hour_max": 22
      }
    },
    "Role 3": {
      "resources": [
        "11259.0",
        "11049.0",
        "10789.0",
        "10899.0"
      ],
      "calendar": {
        "days": [
          0,
          1,
          2,
          3,
          4,
          5,
          6
        ],
        "hour_min": 0,
        "hour_max": 22
      }
    },
    "Role 4": {
      "resources": [
        "10228.0",
        "10124.0"
      ],
      "calendar": {
        "days": [
          0,
          1,
          2,
          3,
          4,
          5,
          6
        ],
        "hour_min": 0,
        "hour_max": 22
      }
    },
    "Role 5": {
      "resources": [
        "112.0"
      ],
      "calendar": {
        "days": [
          0,
          1,
          2,
          3,
          4,
          5,
          6
        ],
        "hour_min": 0,
        "hour_max": 15
      }
    },
    "Role 6": {
      "resources": [
        "11029.0"
      ],
      "calendar": {
        "days": [
          0,
          1,
          2,
          3,
          4,
          5,
          6
        ],
        "hour_min": 0,
        "hour_max": 22
      }
    },
    "Role 7": {
      "resources": [
        "10188.0"
      ],
      "calendar": {
        "days": [
          0,
          1,
          2,
          3,
          4,
          5,
          6
        ],
        "hour_min": 0,
        "hour_max": 6
      }
    },
    "Role 8": {
      "resources": [
        "11079.0"
      ],
      "calendar": {
        "days": [
          0,
          1,
          2,
          3,
          4,
          5,
          6
        ],
        "hour_min": 0,
        "hour_max": 22
      }
    }
  },
  "activity_to_role": {
    "W_Completeren aanvraag": [
      "Role 1",
      "Role 2",
      "Role 3",
      "Role 4"
    ],
    "A_ACCEPTED": [
      "Role 1",
      "Role 2",
      "Role 4"
    ],
    "O_SELECTED": [
      "Role 1",
      "Role 2",
      "Role 3",
      "Role 4"
    ],
    "A_FINALIZED": [
      "Role 1",
      "Role 2",
      "Role 4"
    ],
    "O_CREATED": [
      "Role 1",
      "Role 2",
      "Role 3",
      "Role 4"
    ],
    "O_SENT": [
      "Role 1",
      "Role 2",
      "Role 3",
      "Role 4"
    ],
    "W_Nabellen offertes": [
      "Role 1",
      "Role 2",
      "Role 3",
      "Role 4",
      "Role 8"
    ],
    "O_CANCELLED": [
      "Role 1",
      "Role 2",
      "Role 3",
      "Role 5"
    ],
    "A_PREACCEPTED": [
      "Role 1",
      "Role 2",
      "Role 4",
      "Role 5"
    ],
    "W_Afhandelen leads": [
      "Role 1",
      "Role 2",
      "Role 4"
    ],
    "W_Nabellen incomplete dossiers": [
      "Role 1",
      "Role 2",
      "Role 3",
      "Role 8"
    ],
    "O_SENT_BACK": [
      "Role 1",
      "Role 2",
      "Role 3",
      "Role 4",
      "Role 6"
    ],
    "W_Valideren aanvraag": [
      "Role 1",
      "Role 2",
      "Role 3",
      "Role 4",
      "Role 8"
    ],
    "A_CANCELLED": [
      "Role 1",
      "Role 2",
      "Role 5"
    ],
    "O_DECLINED": [
      "Role 1",
      "Role 2",
      "Role 3"
    ],
    "A_DECLINED": [
      "Role 1",
      "Role 2",
      "Role 3"
    ],
    "O_ACCEPTED": [
      "Role 2"
    ],
    "A_REGISTERED": [
      "Role 2"
    ],
    "A_ACTIVATED": [
      "Role 2"
    ],
    "A_APPROVED": [
      "Role 2"
    ],
    "W_Beoordelen fraude": [
      "Role 2",
      "Role 7"
    ],
    "A_SUBMITTED": [
      "Role 5"
    ],
    "A_PARTLYSUBMITTED": [
      "Role 5"
    ]
  },
  "processing_time": {
    "A_ACCEPTED": {
      "name": "exponential",
      "parameters": {
        "scale": 6116.705038426961,
        "min": 3609.0,
        "max": 197630.998002
      }
    },
    "A_CANCELLED": {
      "name": "exponential",
      "parameters": {
        "scale": 8530.73807145238,
        "min": 3694.0,
        "max": 154008.999001
      }
    },
    "A_DECLINED": {
      "name": "exponential",
      "parameters": {
        "scale": 8093.166666666667,
        "min": 2075.0,
        "max": 25577.0
      }
    },
    "A_FINALIZED": {
      "name": "exponential",
      "parameters": {
        "scale": 4557.279891434175,
        "min": 3599.999001,
        "max": 7938.0
      }
    },
    "A_PREACCEPTED": {
      "name": "lognorm",
      "parameters": {
        "mean": 5385.936556199275,
        "std": 40064866.320929796,
        "min": 0.0,
        "max": 58618.999001
      }
    },
    "O_CANCELLED": {
      "name": "lognorm",
      "parameters": {
        "mean": 11607.966780754135,
        "std": 1809475327.2124708,
        "min": 0.0,
        "max": 441367.995006
      }
    },
    "O_CREATED": {
      "name": "lognorm",
      "parameters": {
        "mean": 4251.358665661693,
        "std": 2082313.664319123,
        "min": 0.0,
        "max": 7251.0
      }
    },
    "O_DECLINED": {
      "name": "lognorm",
      "parameters": {
        "mean": 12191.666333666666,
        "std": 364694572.17073107,
        "min": 0.0,
        "max": 54376.999001
      }
    },
    "O_SELECTED": {
      "name": "exponential",