{
  "start_timestamp": "2011-10-01 00:00:00",
  "duration_simulation": 30,
  "interTriggerTimer": {
    "type": "distribution",
    "name": "exponential",
    "parameters": {
      "histogram_data": [
        0.44579760799519413,
        0.6539238708972749,
        0.7745071268636339,
        0.8480148544590683,
        0.8955272786849435,
        0.9262738244770903,
        0.9484462891158321,
        0.961662388728087,
        0.9705095297908362,
        0.9781005952706023,
        0.9835617934574846,
        0.9873846321883021,
        0.9912074709191196,
        0.9930642783026596,
        0.9951395336136748,
        0.9967778930697395,
        0.9979247446889847,
        0.9987985363988859,
        0.9993446562175742,
        1.0
      ],
      "bin_midpoints": [
        159.125,
        477.375,
        795.625,
        1113.875,
        1432.125,
        1750.375,
        2068.625,
        2386.875,
        2705.125,
        3023.375,
        3341.625,
        3659.875,
        3978.125,
        4296.375,
        4614.625,
        4932.875,
        5251.125,
        5569.375,
        5887.625,
        6205.875
      ]
    },
    "calendar": {
      "days": [
        0,
        1,
        2,
        3,
        4,
        5,
        6
      ],
      "hour_min": 8,
      "hour_max": 20
    }
  },
  "resource": {
    "Role 1": {
      "resources": [
        "User_17",
        "User_38",
        "User_52",
        "User_19",
        "User_3",
        "User_14",
        "User_16",
        "User_43",
        "User_13",
        "User_15",
        "User_28",
        "User_89",
        "User_7",
        "User_2",
        "User_75",
        "User_47",
        "User_20",
        "User_10",
        "User_31",
        "User_5",
        "User_22",
        "User_8",
        "User_11",
        "User_92",
        "User_24",
        "User_85",
        "User_4",
        "User_71",
        "User_37",
        "User_21",
        "User_74",
        "User_30",
        "User_110",
        "User_49",
        "User_87",
        "User_108",
        "User_27",
        "User_6",
        "User_119",
        "User_36",
        "User_25",
        "User_35",
        "User_68",
        "User_113",
        "User_116",
        "User_117",
        "User_100",
        "User_44",
        "User_9",
        "User_18",
        "User_12",
        "User_95",
        "User_112",
        "User_29",
        "User_118",
        "User_41",
        "User_99",
        "User_102",
        "User_33",
        "User_115",
        "User_114",
        "User_34",
        "User_127",
        "User_101",
        "User_50",
        "User_90",
        "User_120",
        "User_109",
        "User_26",
        "User_70",
        "User_73",
        "User_86",
        "User_142",
        "User_23",
        "User_141",
        "User_76",
        "User_145",
        "User_125",
        "User_146",
        "User_103",
        "User_97",
        "User_42",
        "User_32",
        "User_39",
        "User_61",
        "User_82",
        "User_46",
        "User_121",
        "User_60",
        "User_53",
        "User_48",
        "User_51",
        "User_40",
        "User_107",
        "User_124",
        "User_122",
        "User_83",
        "User_128",
        "User_45",
        "User_123",
        "User_93",
        "User_58",
        "User_63",
        "User_126",
        "User_111",
        "User_54",
        "User_57",
        "User_62",
        "User_64",
        "User_55",
        "User_56",
        "User_78",
        "User_91",
        "User_59",
        "User_139",
        "User_136",
        "User_132",
        "User_133",
        "User_131",
        "User_130",
        "User_77",
        "User_65",
        "User_67",
        "User_104",
        "User_66",
        "User_84",
        "User_79",
        "User_106",
        "User_80",
        "User_129",
        "User_96",
        "User_134",
        "User_98",
        "User_72",
        "User_81",
        "User_88",
        "User_69",
        "User_94",
        "User_135",
        "User_140",
        "User_105",
        "User_149",
        "User_137"
      ],
      "calendar": {
        "days": [
          0,
          1,
          2,
          3,
          4,
          5,
          6
        ],
        "hour_min": 8,
        "hour_max": 21
      }
    },
    "Role 2": {
      "resources": [
        "User_138",
        "User_144",
        "User_143"
      ],
      "calendar": {
        "days": [
          0,
          1,
          2,
          3,
          4,
          5,
          6
        ],
        "hour_min": 8,
        "hour_max": 21
      }
    },
    "Role 3": {
      "resources": [
        "User_147"
      ],
      "calendar": {
        "days": [
          0,
          1,
          2,
          3,
          4,
          5,
          6
        ],
        "hour_min": 8,
        "hour_max": 21
      }
    }
  },
  "activity_to_role": {
    "W_Complete application": [
      "Role 1",
      "Role 2"
    ],
    "W_Call after offers": [
      "Role 1",
      "Role 2"
    ],
    "W_Handle leads": [
      "Role 1",
      "Role 2",
      "Role 3"
    ],
    "W_Validate application": [
      "Role 1",
      "Role 2"
    ],
    "W_Call incomplete files": [
      "Role 1"
    ],
    "W_Assess potential fraud": [
      "Role 1",
      "Role 2"
    ],
    "W_Personal Loan collection": [
      "Role 1",
      "Role 2"
    ],
    "W_Shortened completion": [
      "Role 1"
    ]
  },
  "processing_time": {
    "W_Assess potential fraud": {
      "name": "lognorm",
      "parameters": {
        "mean": 277.9462365591398,
        "std": 2274985.4702277724,
        "min": 0.0,
        "max": 17577.0
      }
    },
    "W_Call after offers": {
      "name": "exponential",
      "parameters": {
        "scale": 185.344310166127,
        "min": 0.0,
        "max": 203792.000004
      }
    },
    "W_Call incomplete files": {
      "name": "exponential",
      "parameters": {
        "scale": 265.89632073430505,
        "min": 0.0,
        "max": 629929.0000150001
      }
    },
    "W_Complete application": {
      "name": "exponential",
      "parameters": {
        "scale": 357.8420350879649,
        "min": 0.0,
        "max": 179752.000005
      }
    },
    "W_Handle leads": {
      "name": "lognorm",
      "parameters": {
        "mean": 112.71596145789694,
        "std": 39410.46980388289,
        "min": 0.0,
        "max": 3998.0
      }
    },
    "W_Personal Loan collection": {
      "name": "exponential",
      "parameters": {
        "scale": 34.375,
        "min": 7.0,
        "max": 138.0
      }
    },
    "W_Shortened completion": {
      "name": "exponential",
      "parameters": {
        "scale": 291.92105263157896,
        "min": 3.0,
        "max": 1641.0
      }
    },
    "W_Validate application": {
      "name": "lognorm",
      "parameters": {
        "mean": 403.1420149137911,
        "std": 12989062.378931532,
        "min": 0.0,
        "max": 526070.0000130001
      }
    }
  },
  "resource_to_role": {
    "User_17": "Role 1",
    "User_38": "Role 1",
    "User_52": "Role 1",
    "User_19": "Role 1",
    "User_3": "Role 1",
    "User_14": "Role 1",
    "User_16": "Role 1",
    "User_43": "Role 1",
    "User_13": "Role 1",
    "User_15": "Role 1",
    "User_28": "Role 1",
    "User_89": "Role 1",
    "User_7": "Role 1",
    "User_2": "Role 1",
    "User_75": "Role 1",
    "User_47": "Role 1",
    "User_20": "Role 1",
    "User_10": "Role 1",
    "User_31": "Role 1",
    "User_5": "Role 1",
    "User_22": "Role 1",
    "User_8": "Role 1",
    "User_11": "Role 1",
    "User_92": "Role 1",
    "User_24": "Role 1",
    "User_85": "Role 1",
    "User_4": "Role 1",
    "User_71": "Role 1",
    "User_37": "Role 1",
    "User_21": "Role 1",
    "User_74": "Role 1",
    "User_30": "Role 1",
    "User_110": "Role 1",
    "User_49": "Role 1",
    "User_87": "Role 1",
    "User_108": "Role 1",
    "User_27": "Role 1",
    "User_6": "Role 1",